{
  "blocks": [
    {
      "name": "1",
      "surfaces": [
        {
          "segment": "AB",
          "fPoint": [],
          "lPoint": [],
          "floor": [
            {
              "id": 0,
              "glasses": [],
              "columns": []
            },
            {
              "id": 1,
              "windows": [{ "count": 3, "direct": true }],
              "doors": []
            },
            {
              "id": 2,
              "windows": [{ "count": 3, "direct": true }]
            }
          ]
        }
      ]
    }
  ],
  "foundation": [
    {
      "height": 5,
      "color": [139, 128, 104],
      "nodes": [
        [106.69525036854375, 10.777439394786926, 15],
        [106.6958296228114, 10.77690980012879, 15],
        [106.69564771432609, 10.776710834324252, 15],
        [106.69555922142621, 10.7767917409093, 15],
        [106.69558845188774, 10.776823712210602, 15],
        [106.69546522998012, 10.776935348242986, 15],
        [106.695326562816, 10.776785354425362, 15],
        [106.69536038940274, 10.776756082775604, 15],
        [106.69516856195087, 10.776546087143391, 15],
        [106.69493595731674, 10.776758567535412, 15],
        [106.69512778476862, 10.776968563167625, 15],
        [106.69516138477954, 10.776938059185138, 15],
        [106.69530005194365, 10.777088053002764, 15],
        [106.69518658871506, 10.777191986534389, 15],
        [106.69515764102977, 10.777160014981181, 15],
        [106.69506874283468, 10.777240428730483, 15]
      ]
    }
  ],
  "stairs": [],
  "roof": []
}
